Title,Link,Date,Reading Time,Views,Category
Highlighting Internships & Projects: 15 Tips for Students with Limited Experience,https://interviewfocus.com/highlighting-internships-projects-tips-for-students-with-limited-experience/,"Apr 16th, 2024",3 mins for reading,639,Internship
How to Align Career Goals With Company Vision in Interviews,https://interviewfocus.com/how-to-align-career-goals-with-company-vision-in-interviews/,"Apr 3rd, 2024",3 mins for reading,1160,Internship
How To Deal With The “What Are Your Weaknesses” Interview Question,https://interviewfocus.com/how-to-deal-with-the-what-are-your-weaknesses-interview-question/,"Mar 26th, 2024",3 mins for reading,684,Internship
12 Effective Ways to Research a Company Before an Interview,https://interviewfocus.com/12-effective-ways-to-research-a-company-before-an-interview/,"Mar 12th, 2024",1529,1529,Internship
The Importance of Authenticity: How to Be Yourself in an Interview,https://interviewfocus.com/the-importance-of-authenticity-how-to-be-yourself-in-an-interview/,"Dec 12th, 2023",1070,1070,Internship
Standing Out from the Competition: 11 Unique Interview Follow-Up Ideas,https://interviewfocus.com/unique-interview-follow-up-ideas/,"Oct 31st, 2023",661,661,Internship
What Questions Should I Ask a Product Owner in an Interview?,https://interviewfocus.com/what-questions-should-i-ask-a-product-owner-in-an-interview/,"Feb 26th, 2023",708,708,Internship
Top 12 Summer Jobs for Teens in 2022,https://interviewfocus.com/top-12-summer-jobs-for-teens-in-2022/,"Jun 14th, 2022",2116,2116,Internship
Make a Lasting Impression: 11 Internship Interview Tips,https://interviewfocus.com/make-a-lasting-impression-11-internship-interview-tips/,"Mar 2nd, 2022",1548,1548,Internship
Prepare for Spring Internship Applications: 12 Steps to Take,https://interviewfocus.com/prepare-for-spring-internship-applications-12-steps-to-take/,"Feb 23rd, 2022",1478,1478,Internship
Best 3 Questions to Ask an Interviewer for an Internship,https://interviewfocus.com/questions-to-ask-interviewer-for-internship/,"Jan 14th, 2021",1470,1470,Internship
*Not Boring* Questions to Ask in an Internship Interview,https://interviewfocus.com/questions-to-ask-in-an-internship-interview/,"Nov 19th, 2020",56891,56891,Internship
Examples of Internship Interview Thank You Letters,https://interviewfocus.com/internship-interview-thank-you-letter/,"Nov 4th, 2020",6959,6959,Internship
How to Answer Common Internship Interview Questions,https://interviewfocus.com/answering-common-internship-interview-questions/,"Oct 30th, 2020",1478,1478,Internship
How Can Students Address Academic Achievements In a Job Interview?,https://interviewfocus.com/how-can-students-address-academic-achievements-in-a-job-interview/,"Jun 5th, 2024",330,330,College
From Campus to Cubicle: Business Leaders’ Secrets to Navigating the Post-College Transition,https://interviewfocus.com/from-campus-to-cubicle-business-leaders-secrets-to-navigating-the-post-college-transition/,"Apr 30th, 2024",444,444,College
Highlighting Internships & Projects: 15 Tips for Students with Limited Experience,https://interviewfocus.com/highlighting-internships-projects-tips-for-students-with-limited-experience/,"Apr 16th, 2024",639,639,College
How to Align Career Goals With Company Vision in Interviews,https://interviewfocus.com/how-to-align-career-goals-with-company-vision-in-interviews/,"Apr 3rd, 2024",1160,1160,College
How To Deal With The “What Are Your Weaknesses” Interview Question,https://interviewfocus.com/how-to-deal-with-the-what-are-your-weaknesses-interview-question/,"Mar 26th, 2024",684,684,College
Answering “Why Do You Want to Work Here” for College Students,https://interviewfocus.com/answering-why-do-you-want-to-work-here-for-college-students/,"Mar 19th, 2024",722,722,College
12 Effective Ways to Research a Company Before an Interview,https://interviewfocus.com/12-effective-ways-to-research-a-company-before-an-interview/,"Mar 12th, 2024",1529,1529,College
How to Answer “Tell Me About Yourself” for College Students,https://interviewfocus.com/how-to-answer-tell-me-about-yourself-for-college-students/,"Feb 6th, 2024",6975,6975,College
The Importance of Authenticity: How to Be Yourself in an Interview,https://interviewfocus.com/the-importance-of-authenticity-how-to-be-yourself-in-an-interview/,"Dec 12th, 2023",1070,1070,College
Standing Out from the Competition: 11 Unique Interview Follow-Up Ideas,https://interviewfocus.com/unique-interview-follow-up-ideas/,"Oct 31st, 2023",661,661,College
College Assets Unveiled: Skills and Knowledge that Transformed Business Leaders’ First Jobs,https://interviewfocus.com/knowledge-that-transformed-business-leaders-first-jobs/,"Oct 3rd, 2023",395,395,College
What Questions Should I Ask a Product Owner in an Interview?,https://interviewfocus.com/what-questions-should-i-ask-a-product-owner-in-an-interview/,"Feb 26th, 2023",708,708,College
14 Ways College Seniors Can Get Ahead In Their Job Search,https://interviewfocus.com/ways-college-seniors-can-get-ahead-in-their-job-search/,"Oct 10th, 2022",989,989,College
17 Most Popular Jobs for College Graduates,https://interviewfocus.com/most-popular-jobs-for-college-graduates/,"Sep 23rd, 2022",956,956,College
Top 12 Summer Jobs for Teens in 2022,https://interviewfocus.com/top-12-summer-jobs-for-teens-in-2022/,"Jun 14th, 2022",2116,2116,College
10 Best Practices for Interviewing as a Recent Graduate,https://interviewfocus.com/best-practices-for-interviewing-as-a-recent-graduate/,"May 9th, 2022",4210,4210,College
14 Tips for Recent Graduates Entering the New Hybrid Workforce,https://interviewfocus.com/14-tips-for-recent-graduates-entering-the-new-hybrid-workforce/,"Apr 7th, 2022",1636,1636,College
Prepare for Spring Internship Applications: 12 Steps to Take,https://interviewfocus.com/prepare-for-spring-internship-applications-12-steps-to-take/,"Feb 23rd, 2022",1478,1478,College
What Should I Wear to a Virtual MBA Interview? 9 Tips,https://interviewfocus.com/what-should-i-wear-to-a-virtual-mba-interview/,"Feb 11th, 2022",2959,2959,College
Writing a Grad School Interview Thank You Email,https://interviewfocus.com/writing-grad-school-interview-email/,"Mar 19th, 2021",79242,79242,College
What to Wear to a Virtual College Interview,https://interviewfocus.com/what-to-wear-virtual-college-interview/,"Nov 16th, 2020",16088,16088,College
Common College Scholarship Interview Questions to Expect,https://interviewfocus.com/common-college-scholarship-interview-questions/,"Nov 10th, 2020",6061,6061,College
12 Common Sorority Interview Questions for Pledges,https://interviewfocus.com/sorority-interview-questions-to-expect/,"Nov 10th, 2020",111118,111118,College
What to Bring to a Virtual College Interview,https://interviewfocus.com/what-to-bring-to-virtual-college-interview/,"Oct 16th, 2020",1076,1076,College
Personalize “Tell Me About Yourself” in a College Interview,https://interviewfocus.com/personalize-tell-me-about-yourself-in-college-interview/,"Oct 9th, 2020",335143,335143,College
How to Write a College Interview Thank You Email,https://interviewfocus.com/writing-college-interview-thank-you-email/,"Sep 28th, 2020",109675,109675,College
How to Prepare for a College Interview,https://interviewfocus.com/how-to-prepare-for-a-college-interview/,"Sep 28th, 2020",1384,1384,College
10 Common College Interview Questions to Expect,https://interviewfocus.com/common-college-interview-questions/,"Sep 18th, 2020",4799,4799,College
7 Stand-Out Questions to Ask a College Interviewer,https://interviewfocus.com/stand-out-questions-to-ask-a-college-interviewer/,"Sep 8th, 2020",33272,33272,College
How to Prep for a PR Associate Interview: 10 Tips from Leaders,https://interviewfocus.com/how-to-prep-for-a-pr-associate-interview-10-tips-from-leaders/,"Nov 26th, 2024",35,35,Career
How Can Students Address Academic Achievements In a Job Interview?,https://interviewfocus.com/how-can-students-address-academic-achievements-in-a-job-interview/,"Jun 5th, 2024",330,330,Career
From Campus to Cubicle: Business Leaders’ Secrets to Navigating the Post-College Transition,https://interviewfocus.com/from-campus-to-cubicle-business-leaders-secrets-to-navigating-the-post-college-transition/,"Apr 30th, 2024",444,444,Career
Highlighting Internships & Projects: 15 Tips for Students with Limited Experience,https://interviewfocus.com/highlighting-internships-projects-tips-for-students-with-limited-experience/,"Apr 16th, 2024",639,639,Career
How to Align Career Goals With Company Vision in Interviews,https://interviewfocus.com/how-to-align-career-goals-with-company-vision-in-interviews/,"Apr 3rd, 2024",1160,1160,Career
How To Deal With The “What Are Your Weaknesses” Interview Question,https://interviewfocus.com/how-to-deal-with-the-what-are-your-weaknesses-interview-question/,"Mar 26th, 2024",684,684,Career
12 Effective Ways to Research a Company Before an Interview,https://interviewfocus.com/12-effective-ways-to-research-a-company-before-an-interview/,"Mar 12th, 2024",1529,1529,Career
16 Techniques for Dealing With Difficult Colleagues in Early Careers,https://interviewfocus.com/16-techniques-for-dealing-with-difficult-colleagues-in-early-careers/,"Dec 29th, 2023",563,563,Career
The Importance of Authenticity: How to Be Yourself in an Interview,https://interviewfocus.com/the-importance-of-authenticity-how-to-be-yourself-in-an-interview/,"Dec 12th, 2023",1070,1070,Career
Standing Out from the Competition: 11 Unique Interview Follow-Up Ideas,https://interviewfocus.com/unique-interview-follow-up-ideas/,"Oct 31st, 2023",661,661,Career
What Front-End Interview Questions Should I Ask a Developer?,https://interviewfocus.com/what-front-end-interview-questions-should-i-ask-a-developer/,"Apr 17th, 2023",794,794,Career
What Are the Best Questions to Ask in a Final Interview?,https://interviewfocus.com/what-are-the-best-questions-to-ask-in-a-final-interview/,"Apr 3rd, 2023",1607,1607,Career
What Questions Do I Prepare for an Administrative Assistant Interview?,https://interviewfocus.com/what-questions-do-i-prepare-for-an-administrative-assistant-interview/,"Mar 13th, 2023",489,489,Career
What Questions Should I Ask a Product Owner in an Interview?,https://interviewfocus.com/what-questions-should-i-ask-a-product-owner-in-an-interview/,"Feb 26th, 2023",708,708,Career
17 Most Popular Jobs for College Graduates,https://interviewfocus.com/most-popular-jobs-for-college-graduates/,"Sep 23rd, 2022",956,956,Career
8 Tips for Comparing Two Job Offers,https://interviewfocus.com/comparing-two-job-offers/,"Aug 29th, 2022",4420,4420,Career
11 Tips for Responding to a Lowball Job Offer,https://interviewfocus.com/11-tips-for-responding-to-a-lowball-job-offer/,"Aug 22nd, 2022",2313,2313,Career
10 Best Practices for Interviewing as a Recent Graduate,https://interviewfocus.com/best-practices-for-interviewing-as-a-recent-graduate/,"May 9th, 2022",4210,4210,Career
12 Skills to Master Before Applying to Entry-Level Jobs,https://interviewfocus.com/12-skills-to-master-before-applying-to-entry-level-jobs/,"Apr 15th, 2022",1200,1200,Career
14 Tips for Recent Graduates Entering the New Hybrid Workforce,https://interviewfocus.com/14-tips-for-recent-graduates-entering-the-new-hybrid-workforce/,"Apr 7th, 2022",1636,1636,Career
How to Avoid Being “PigeonHoled” In Your Career,https://interviewfocus.com/how-to-avoid-being-pigeonholed-in-your-career/,"Mar 23rd, 2022",2735,2735,Career
11 General Entry-Level Interview Questions to Expect,https://interviewfocus.com/entry-level-interview-questions/,"Jan 28th, 2021",2953,2953,Career
When Should I Start Applying For Jobs If I Graduate In May?,https://interviewfocus.com/when-to-start-applying-for-jobs-graduating-in-may/,"Jan 11th, 2021",136214,136214,Career
Interview Questions to Test 10 Different Soft Skills,https://interviewfocus.com/soft-skills-interview-questions-answers/,"Dec 30th, 2020",6486,6486,Career
First Job Interview: Tips & What to Expect,https://interviewfocus.com/tips-for-first-job-interview/,"Dec 10th, 2020",799,799,Career
How Much Your First Job Out of College Really Matters,https://interviewfocus.com/how-much-a-first-job-after-college-matters/,"Dec 7th, 2020",2651,2651,Career
