Level,question,answer
Beginner,What is machine learning?,Machine learning is a subset of artificial intelligence that focuses on building systems that learn from and make decisions based on data.
Beginner,What are supervised and unsupervised learning?,Supervised learning involves training a model on labeled datawhereas unsupervised learning involves training on unlabeled data to identify patterns.
Beginner,What is a dataset?,A dataset is a collection of datausually presented in a table where rows represent instances and columns represent features.
Beginner,What is overfitting?,Overfitting occurs when a model learns the training data too wellincluding its noise and outlierswhich leads to poor performance on new data.
Beginner,What is underfitting?,Underfitting happens when a model is too simple to capture the underlying patterns in the dataresulting in poor performance on both training and test data.
Beginner,What is cross-validation?,Cross-validation is a technique to evaluate the performance of a model by splitting the data into multiple training and validation sets and averaging the results.
Beginner,What is a confusion matrix?,A confusion matrix is a table used to evaluate the performance of a classification modelshowing true positivesfalse positivestrue negativesand false negatives.
Beginner,What is precision?,Precision is the ratio of true positives to the sum of true positives and false positivesindicating the accuracy of the positive predictions.
Beginner,What is recall?,Recall is the ratio of true positives to the sum of true positives and false negativesindicating the ability of the model to identify all relevant instances.
Beginner,What is F1-score?,The F1-score is the harmonic mean of precision and recallproviding a balance between the two metrics.
Beginner,What is the difference between classification and regression?,Classification predicts categorical labelswhile regression predicts continuous values.
Beginner,What is a decision tree?,A decision tree is a model that makes decisions by splitting data into branches based on feature valuesultimately leading to a prediction.
Beginner,What is a neural network?,A neural network is a computational model inspired by the human brainconsisting of layers of nodes (neurons) that process and learn from data.
Beginner,What is gradient descent?,Gradient descent is an optimization algorithm used to minimize the loss function by iteratively adjusting model parameters in the direction of the negative gradient.
Beginner,What is a loss function?,A loss function measures how well a model's predictions match the actual outcomesguiding the optimization process.
Beginner,What is feature scaling?,Feature scaling is the process of normalizing or standardizing features to ensure they contribute equally to the model's learning process.
Beginner,What is a hyperparameter?,A hyperparameter is a parameter that is set before the learning process begins and controls the learning processsuch as the learning rate or number of layers in a neural network.
Beginner,What is regularization?,Regularization is a technique used to prevent overfitting by adding a penalty to the loss function based on the complexity of the model.
Beginner,What are the types of regularization?,Common types of regularization include L1 regularization (Lasso) and L2 regularization (Ridge).
Beginner,What is a support vector machine (SVM)?,A support vector machine is a classification algorithm that finds the hyperplane that best separates data into different classes with the maximum margin.
Beginner,What is the purpose of kernel functions in SVMs?,Kernel functions transform data into a higher-dimensional space to make it possible to find a hyperplane that separates non-linearly separable data.
Beginner,What is k-nearest neighbors (KNN)?,K-nearest neighbors is a classification algorithm that assigns a class to an instance based on the majority class of its k nearest neighbors.
Beginner,What is the difference between bagging and boosting?,Bagging combines predictions from multiple models to reduce variancewhile boosting sequentially trains models to correct errors of previous models.
Beginner,What is principal component analysis (PCA)?,Principal component analysis is a dimensionality reduction technique that transforms data into a set of orthogonal components that capture the most variance in the data.
Beginner,What is an ensemble method?,Ensemble methods combine predictions from multiple models to improve overall performancesuch as in Random Forests or Gradient Boosting.
Beginner,What is clustering?,Clustering is an unsupervised learning technique that groups similar data points together based on their features.
Beginner,What is the k-means algorithm?,The k-means algorithm partitions data into k clusters by minimizing the variance within each cluster.
Beginner,What is a ROC curve?,A ROC (Receiver Operating Characteristic) curve is a graphical representation of a classifier's performance across different threshold settingsshowing the trade-off between true positive and false positive rates.
Beginner,What is AUC?,AUC (Area Under the Curve) measures the overall performance of a classifierwith higher values indicating better performance.
Beginner,What is a bias-variance trade-off?,The bias-variance trade-off refers to the balance between a model's ability to generalize (low bias) and its sensitivity to fluctuations in the training data (low variance).
Beginner,What is feature engineering?,Feature engineering involves creating or modifying features to improve the performance of a machine learning model.
Beginner,What is a pipeline in machine learning?,A pipeline is a sequence of data processing steps and modeling stages that are executed in a specified order to streamline the workflow.
Beginner,What is an epoch in training?,An epoch is one complete pass through the entire training dataset during the training of a machine learning model.
Beginner,What is batch size?,Batch size is the number of training examples used in one iteration of model training.
Beginner,What is the difference between batch gradient descent and stochastic gradient descent?,Batch gradient descent uses the entire dataset for each updatewhile stochastic gradient descent uses a single data point or a small batch of data for each update.
Beginner,What is the role of activation functions in neural networks?,Activation functions introduce non-linearity into the modelallowing it to learn complex patterns and make decisions.
Beginner,What is the sigmoid function?,The sigmoid function is an activation function that maps input values to a range between 0 and 1commonly used in binary classification problems.
Beginner,What is the ReLU function?,The ReLU (Rectified Linear Unit) function is an activation function that outputs the input directly if positive and zero otherwisepromoting sparsity in the network.
Beginner,What is dropout?,Dropout is a regularization technique where random neurons are ignored during training to prevent overfitting.
Beginner,What is a hyperparameter tuning?,Hyperparameter tuning is the process of selecting the best hyperparameters for a model to optimize its performance.
Beginner,What is grid search?,Grid search is a hyperparameter tuning method that exhaustively searches through a specified subset of hyperparameter values.
Beginner,What is random search?,Random search is a hyperparameter tuning method that samples random combinations of hyperparameters to find the best model configuration.
Beginner,What is a learning curve?,A learning curve is a plot that shows how a model's performance changes with the amount of training data or training time.
Beginner,What is feature selection?,Feature selection is the process of choosing the most relevant features for model training to improve performance and reduce overfitting.
Beginner,What is the curse of dimensionality?,The curse of dimensionality refers to the challenges and inefficiencies that arise when working with high-dimensional datasuch as increased computational cost and the risk of overfitting.
Beginner,What is one-hot encoding?,One-hot encoding is a technique for representing categorical variables as binary vectors where each category is represented by a unique position in the vector.
Beginner,What is a feature?,A feature is an individual measurable property or characteristic of the data used in machine learning models.
Beginner,What is data normalization?,Data normalization is the process of scaling features to a standard rangesuch as [01]to improve model performance.
Beginner,What is a validation set?,A validation set is a subset of data used to tune model hyperparameters and evaluate performance during training.
Beginner,What is the difference between a training set and a test set?,A training set is used to train the modelwhile a test set is used to evaluate the model's performance on unseen data.
Beginner,What is the purpose of a model's evaluation metric?,Evaluation metrics assess the performance of a machine learning modelproviding insights into its accuracyprecisionrecalland other relevant measures.
Beginner,What is accuracy?,Accuracy is the ratio of correctly predicted instances to the total number of instances in the dataset.
Beginner,What is the difference between a parametric and non-parametric model?,Parametric models assume a specific form for the underlying data distribution and estimate parameterswhile non-parametric models do not make such assumptions and can adapt more flexibly.
Beginner,What is an outlier?,An outlier is a data point that significantly deviates from the other observations in the dataset.
Beginner,What is data preprocessing?,Data preprocessing involves cleaning and preparing data for analysis or modelingincluding tasks like handling missing values and feature scaling.
Beginner,What is a model's bias?,Bias is the error introduced by approximating a real-world problem with a simplified modelleading to systematic deviations in predictions.
Beginner,What is a model's variance?,Variance refers to the model's sensitivity to fluctuations in the training dataleading to variability in predictions for different datasets.
Beginner,What is the role of feature extraction?,Feature extraction involves creating new features or selecting existing ones to improve the performance of a model.
Beginner,What is a decision boundary?,A decision boundary is a surface or line that separates different classes in the feature space.
Beginner,What is the difference between bagging and boosting?,Bagging reduces variance by averaging predictions from multiple modelswhile boosting reduces bias by combining models sequentially to correct errors.
Beginner,What is a hyperparameter?,A hyperparameter is a parameter set before training that controls the learning processsuch as the number of layers in a neural network or the learning rate.
Beginner,What is a learning rate?,The learning rate is a hyperparameter that controls how much to change the model's weights in response to the estimated error each time the model's weights are updated.
Beginner,What is early stopping?,Early stopping is a technique used to prevent overfitting by stopping model training when performance on a validation set starts to degrade.
Beginner,What is feature importance?,Feature importance measures the contribution of each feature to the model's predictionshelping to understand which features are most influential.
Beginner,What is a model's interpretability?,Interpretability refers to the ability to understand and explain the decisions made by a machine learning model.
Beginner,What is a random forest?,A random forest is an ensemble learning method that combines multiple decision trees to improve classification or regression performance.
Beginner,What is a support vector?,In SVMsa support vector is a data point that lies closest to the decision boundary and influences its position.
Beginner,What is a bias-variance trade-off?,The bias-variance trade-off is the balance between a model's ability to generalize well (low bias) and its sensitivity to noise in the training data (low variance).
Beginner,What is an activation function?,An activation function introduces non-linearity into the neural networkallowing it to learn complex patterns and relationships in the data.
Beginner,What is a model's learning curve?,A learning curve shows how a model's performance changes as the amount of training data or the training time increases.
Beginner,What is a precision-recall curve?,A precision-recall curve is a plot that shows the trade-off between precision and recall for different threshold settings in a classification model.
Beginner,What is an ROC curve?,An ROC (Receiver Operating Characteristic) curve plots the true positive rate against the false positive rate for different threshold settings.
Beginner,What is a confusion matrix?,A confusion matrix is a table used to evaluate the performance of a classification model by showing the true positivesfalse positivestrue negativesand false negatives.
Beginner,What is an AUC-ROC score?,An AUC-ROC score measures the area under the ROC curverepresenting the overall performance of a classification model.
Beginner,What is a training epoch?,A training epoch is one complete pass through the entire training dataset during the training process of a machine learning model.
Beginner,What is data augmentation?,Data augmentation is a technique used to increase the diversity of training data by applying transformations such as rotationscalingor cropping to existing data.
Beginner,What is a model's performance metric?,A performance metric assesses how well a model makes predictionssuch as accuracyprecisionrecallor F1-score.
Beginner,What is model selection?,Model selection is the process of choosing the best model from a set of candidate models based on their performance on validation data.
Beginner,What is a validation curve?,A validation curve is a plot that shows how a model's performance changes with varying hyperparameters or other aspects of the learning process.
Beginner,What is feature scaling?,Feature scaling is the process of normalizing or standardizing features to ensure they are on a similar scaleimproving the performance of the model.
Beginner,What is a feature matrix?,A feature matrix is a table where each row represents an instance and each column represents a feature or attribute of the data.
Beginner,What is an ensemble method?,Ensemble methods combine multiple models to improve overall performance and robustness compared to individual models.
Beginner,What is a neural network's architecture?,The architecture of a neural network refers to its structureincluding the number of layerstypes of layersand the number of neurons in each layer.
Beginner,What is a model's generalization ability?,Generalization ability refers to a model's performance on unseen dataindicating how well it can apply learned patterns to new instances.
Beginner,What is an outlier in machine learning?,An outlier is a data point that significantly deviates from the other observationspotentially impacting the model's performance.
Beginner,What is data preprocessing?,Data preprocessing involves cleaning and transforming raw data into a format suitable for modelingincluding handling missing values and encoding categorical variables.
Beginner,What is cross-validation?,Cross-validation is a technique used to assess the performance of a model by splitting the data into multiple subsetstraining and evaluating the model on different subsets.
Beginner,What is hyperparameter tuning?,Hyperparameter tuning is the process of selecting the optimal values for hyperparameters to improve model performance.
Beginner,What is a decision tree?,A decision tree is a model that makes decisions by recursively splitting the data based on feature values to make predictions.
Beginner,What is the difference between bagging and boosting?,Bagging reduces variance by averaging predictions from multiple modelswhile boosting reduces bias by combining models sequentially to correct errors.
Beginner,What is the purpose of feature engineering?,Feature engineering involves creating new features or modifying existing ones to improve model performance and relevance.
Beginner,What is a model's bias?,Bias refers to systematic errors introduced by approximating real-world problems with simplified models.
Beginner,What is variance in machine learning?,Variance measures how much a model's predictions change with different training datareflecting its sensitivity to fluctuations in the data.
Beginner,What is a kernel function in SVM?,A kernel function transforms data into a higher-dimensional space to enable the separation of non-linearly separable data using a hyperplane.
Beginner,What is the role of regularization in machine learning?,Regularization helps prevent overfitting by adding a penalty to the loss function based on the complexity of the model.
Beginner,What is a model's complexity?,Model complexity refers to the capacity of a model to capture intricate patterns in the dataoften associated with the number of parameters or layers in the model.
Beginner,What is the purpose of cross-validation?,Cross-validation assesses a model's performance by splitting the data into training and validation setsensuring it generalizes well to new data.
Beginner,What is a learning rate in gradient descent?,The learning rate controls how much to adjust model parameters in response to the gradient of the loss function during optimization.
Beginner,What is data normalization?,Data normalization scales features to a standard rangesuch as [01]to improve model performance and convergence.
Beginner,What is feature extraction?,Feature extraction involves creating or selecting relevant features from raw data to enhance model performance and reduce dimensionality.
Beginner,What is a model's performance metric?,A performance metric evaluates how well a model makes predictionssuch as accuracyprecisionrecallor F1-score.
Beginner,What is a model's generalization ability?,Generalization ability measures how well a model performs on unseen dataindicating its effectiveness in applying learned patterns.
Beginner,What is the purpose of hyperparameter tuning?,Hyperparameter tuning optimizes model performance by selecting the best values for hyperparameters through techniques like grid search or random search.
Beginner,What is the role of feature scaling?,Feature scaling ensures features are on a similar scalepreventing features with larger ranges from dominating the learning process.
Beginner,What is an ROC curve?,An ROC (Receiver Operating Characteristic) curve plots the true positive rate against the false positive rate for different threshold settings in a classification model.
Beginner,What is the difference between supervised and unsupervised learning?,Supervised learning uses labeled data to train modelswhile unsupervised learning identifies patterns in unlabeled data.
Beginner,What is a confusion matrix?,A confusion matrix is a table showing the true positivesfalse positivestrue negativesand false negatives for a classification model.
Beginner,What is precision?,Precision is the ratio of true positives to the sum of true positives and false positivesindicating the accuracy of positive predictions.
Beginner,What is recall?,Recall is the ratio of true positives to the sum of true positives and false negativesindicating the model's ability to identify all relevant instances.
Beginner,What is an F1-score?,The F1-score is the harmonic mean of precision and recallproviding a balance between the two metrics.
Beginner,What is a support vector machine (SVM)?,A support vector machine is a classification algorithm that finds the hyperplane that best separates data into different classes with the maximum margin.
Beginner,What is the purpose of kernel functions in SVMs?,Kernel functions transform data into a higher-dimensional space to enable the separation of non-linearly separable data.
Beginner,What is k-nearest neighbors (KNN)?,K-nearest neighbors is a classification algorithm that assigns a class to an instance based on the majority class of its k nearest neighbors.
Beginner,What is principal component analysis (PCA)?,Principal component analysis is a dimensionality reduction technique that transforms data into a set of orthogonal components capturing the most variance.
Beginner,What is the purpose of an ensemble method?,Ensemble methods combine predictions from multiple models to improve overall performance and robustness compared to individual models.
Beginner,What is a neural network's architecture?,The architecture of a neural network refers to its structureincluding the number of layerstypes of layersand the number of neurons in each layer.
Beginner,What is a model's learning curve?,A learning curve shows how a model's performance changes as the amount of training data or training time increases.
Beginner,What is data augmentation?,Data augmentation increases the diversity of training data by applying transformations such as rotationscalingor cropping to existing data.
Beginner,What is a decision boundary?,A decision boundary is a surface or line that separates different classes in the feature space.
Beginner,What is hyperparameter tuning?,Hyperparameter tuning is the process of selecting the best values for hyperparameters to improve model performance.
Beginner,What is the purpose of regularization?,Regularization helps prevent overfitting by adding a penalty to the loss function based on the complexity of the model.
Beginner,What is a feature matrix?,A feature matrix is a table where each row represents an instance and each column represents a feature or attribute of the data.
Beginner,What is a learning rate?,The learning rate is a hyperparameter that controls how much to change the model's weights in response to the estimated error during training.
Beginner,What is an outlier?,An outlier is a data point that significantly deviates from the other observationspotentially impacting the model's performance.
Beginner,What is a hyperparameter?,A hyperparameter is a parameter set before training that controls the learning processsuch as the number of layers in a neural network or the learning rate.
Beginner,What is feature importance?,Feature importance measures the contribution of each feature to the model's predictionshelping to understand which features are most influential.
Beginner,What is a model's interpretability?,Interpretability refers to the ability to understand and explain the decisions made by a machine learning model.
Beginner,What is a random forest?,A random forest is an ensemble learning method that combines multiple decision trees to improve classification or regression performance.
Beginner,What is a support vector?,In SVMsa support vector is a data point that lies closest to the decision boundary and influences its position.
Beginner,What is a bias-variance trade-off?,The bias-variance trade-off is the balance between a model's ability to generalize well (low bias) and its sensitivity to noise in the training data (low variance).
Beginner,What is an activation function?,An activation function introduces non-linearity into the neural networkallowing it to learn complex patterns and relationships in the data.
Beginner,What is a model's learning curve?,A learning curve shows how a model's performance changes as the amount of training data or the training time increases.
Beginner,What is a precision-recall curve?,A precision-recall curve is a plot that shows the trade-off between precision and recall for different threshold settings in a classification model.
Beginner,What is an ROC curve?,An ROC (Receiver Operating Characteristic) curve plots the true positive rate against the false positive rate for different threshold settings.
Beginner,What is a confusion matrix?,A confusion matrix is a table used to evaluate the performance of a classification model by showing the true positivesfalse positivestrue negativesand false negatives.
Beginner,What is an AUC-ROC score?,An AUC-ROC score measures the area under the ROC curverepresenting the overall performance of a classification model.
Beginner,What is a training epoch?,A training epoch is one complete pass through the entire training dataset during the training process of a machine learning model.
Beginner,What is data augmentation?,Data augmentation is a technique used to increase the diversity of training data by applying transformations such as rotationscalingor cropping to existing data.
Beginner,What is a model's performance metric?,A performance metric assesses how well a model makes predictionssuch as accuracyprecisionrecallor F1-score.
Beginner,What is model selection?,Model selection is the process of choosing the best model from a set of candidate models based on their performance on validation data.
Beginner,What is a validation curve?,A validation curve is a plot that shows how a model's performance changes with varying hyperparameters or other aspects of the learning process.
Beginner,What is feature scaling?,Feature scaling is the process of normalizing or standardizing features to ensure they are on a similar scaleimproving the performance of the model.
Beginner,What is a feature matrix?,A feature matrix is a table where each row represents an instance and each column represents a feature or attribute of the data.
Beginner,What is an ensemble method?,Ensemble methods combine multiple models to improve overall performance and robustness compared to individual models.
Beginner,What is a neural network's architecture?,The architecture of a neural network refers to its structureincluding the number of layerstypes of layersand the number of neurons in each layer.
Beginner,What is a model's generalization ability?,Generalization ability refers to a model's performance on unseen dataindicating how well it can apply learned patterns to new instances.
Beginner,What is an outlier in machine learning?,An outlier is a data point that significantly deviates from the other observationspotentially impacting the model's performance.
Beginner,What is data preprocessing?,Data preprocessing involves cleaning and transforming raw data into a format suitable for modelingincluding handling missing values and encoding categorical variables.
Beginner,What is cross-validation?,Cross-validation is a technique used to assess the performance of a model by splitting the data into multiple subsetstraining and evaluating the model on different subsets.
Beginner,What is hyperparameter tuning?,Hyperparameter tuning is the process of selecting the optimal values for hyperparameters to improve model performance.
Beginner,What is a decision tree?,A decision tree is a model that makes decisions by recursively splitting the data based on feature values to make predictions.
Beginner,What is the difference between bagging and boosting?,Bagging reduces variance by averaging predictions from multiple modelswhile boosting reduces bias by combining models sequentially to correct errors.
Beginner,What is the purpose of feature engineering?,Feature engineering involves creating new features or modifying existing ones to improve model performance and relevance.
Beginner,What is a model's bias?,Bias refers to systematic errors introduced by approximating real-world problems with simplified models.
Beginner,What is variance in machine learning?,Variance measures how much a model's predictions change with different training datareflecting its sensitivity to fluctuations in the data.
Beginner,What is a kernel function in SVM?,A kernel function transforms data into a higher-dimensional space to enable the separation of non-linearly separable data using a hyperplane.
Beginner,What is the role of regularization in machine learning?,Regularization helps prevent overfitting by adding a penalty to the loss function based on the complexity of the model.
Beginner,What is a model's complexity?,Model complexity refers to the capacity of a model to capture intricate patterns in the dataoften associated with the number of parameters or layers in the model.
Beginner,What is the purpose of cross-validation?,Cross-validation assesses a model's performance by splitting the data into training and validation setsensuring it generalizes well to new data.
Beginner,What is a learning rate in gradient descent?,The learning rate controls how much to adjust model parameters in response to the gradient of the loss function during optimization.
Beginner,What is data normalization?,Data normalization scales features to a standard rangesuch as [01]to improve model performance and convergence.
Beginner,What is feature extraction?,Feature extraction involves creating or selecting relevant features from raw data to enhance model performance and reduce dimensionality.
Beginner,What is a model's performance metric?,A performance metric evaluates how well a model makes predictionssuch as accuracyprecisionrecallor F1-score.
Beginner,What is a model's generalization ability?,Generalization ability measures how well a model performs on unseen dataindicating its effectiveness in applying learned patterns.
Beginner,What is the purpose of hyperparameter tuning?,Hyperparameter tuning optimizes model performance by selecting the best values for hyperparameters through techniques like grid search or random search.
Beginner,What is the role of feature scaling?,Feature scaling ensures features are on a similar scalepreventing features with larger ranges from dominating the learning process.
Beginner,What is an ROC curve?,An ROC (Receiver Operating Characteristic) curve plots the true positive rate against the false positive rate for different threshold settings in a classification model.
Beginner,What is the difference between supervised and unsupervised learning?,Supervised learning uses labeled data to train modelswhile unsupervised learning identifies patterns in unlabeled data.
Beginner,What is a confusion matrix?,A confusion matrix is a table showing the true positivesfalse positivestrue negativesand false negatives for a classification model.
Beginner,What is precision?,Precision is the ratio of true positives to the sum of true positives and false positivesindicating the accuracy of positive predictions.
Beginner,What is recall?,Recall is the ratio of true positives to the sum of true positives and false negativesindicating the model's ability to identify all relevant instances.
Beginner,What is an F1-score?,The F1-score is the harmonic mean of precision and recallproviding a balance between the two metrics.
Beginner,What is a support vector machine (SVM)?,A support vector machine is a classification algorithm that finds the hyperplane that best separates data into different classes with the maximum margin.
Beginner,What is the purpose of kernel functions in SVMs?,Kernel functions transform data into a higher-dimensional space to enable the separation of non-linearly separable data.
Beginner,What is k-nearest neighbors (KNN)?,K-nearest neighbors is a classification algorithm that assigns a class to an instance based on the majority class of its k nearest neighbors.
Beginner,What is principal component analysis (PCA)?,Principal component analysis is a dimensionality reduction technique that transforms data into a set of orthogonal components capturing the most variance.
Beginner,What is the purpose of an ensemble method?,Ensemble methods combine predictions from multiple models to improve overall performance and robustness compared to individual models.
Beginner,What is a neural network's architecture?,The architecture of a neural network refers to its structureincluding the number of layerstypes of layersand the number of neurons in each layer.
Beginner,What is a decision boundary?,A decision boundary is a surface or line that separates different classes in the feature space.
Beginner,What is an outlier?,An outlier is a data point that significantly deviates from the other observationspotentially impacting the model's performance.
Beginner,What is the role of cross-validation?,Cross-validation evaluates a model's performance by splitting the data into training and validation setsensuring it generalizes well to new data.
Beginner,What is a training epoch?,A training epoch is one complete pass through the entire training dataset during the training process of a machine learning model.
Beginner,What is a precision-recall curve?,A precision-recall curve is a plot that shows the trade-off between precision and recall for different threshold settings in a classification model.
Beginner,What is a model's complexity?,Model complexity refers to the capacity of a model to capture intricate patterns in the dataoften associated with the number of parameters or layers in the model.
Beginner,What is data normalization?,Data normalization scales features to a standard rangesuch as [01]to improve model performance and convergence.
Beginner,What is feature extraction?,Feature extraction involves creating or selecting relevant features from raw data to enhance model performance and reduce dimensionality.
Beginner,What is a validation curve?,A validation curve shows how a model's performance changes with varying hyperparameters or other aspects of the learning process.
Beginner,What is an AUC-ROC score?,An AUC-ROC score measures the area under the ROC curverepresenting the overall performance of a classification model.
Beginner,What is a confusion matrix?,A confusion matrix is a table showing the true positivesfalse positivestrue negativesand false negatives for a classification model.
Beginner,What is precision?,Precision is the ratio of true positives to the sum of true positives and false positivesindicating the accuracy of positive predictions.
Beginner,What is recall?,Recall is the ratio of true positives to the sum of true positives and false negativesindicating the model's ability to identify all relevant instances.
Beginner,What is an F1-score?,The F1-score is the harmonic mean of precision and recallproviding a balance between the two metrics.
Beginner,What is a support vector machine (SVM)?,A support vector machine is a classification algorithm that finds the hyperplane that best separates data into different classes with the maximum margin.
Beginner,What is the purpose of kernel functions in SVMs?,Kernel functions transform data into a higher-dimensional space to enable the separation of non-linearly separable data.
Beginner,What is k-nearest neighbors (KNN)?,K-nearest neighbors is a classification algorithm that assigns a class to an instance based on the majority class of its k nearest neighbors.
Beginner,What is principal component analysis (PCA)?,Principal component analysis is a dimensionality reduction technique that transforms data into a set of orthogonal components capturing the most variance.
Beginner,What is the purpose of an ensemble method?,Ensemble methods combine predictions from multiple models to improve overall performance and robustness compared to individual models.
Beginner,What is a neural network's architecture?,The architecture of a neural network refers to its structureincluding the number of layerstypes of layersand the number of neurons in each layer.
Beginner,What is a decision boundary?,A decision boundary is a surface or line that separates different classes in the feature space.
Beginner,What is hyperparameter tuning?,Hyperparameter tuning is the process of selecting the best values for hyperparameters to improve model performance.
Beginner,What is the purpose of regularization?,Regularization helps prevent overfitting by adding a penalty to the loss function based on the complexity of the model.
Beginner,What is a feature matrix?,A feature matrix is a table where each row represents an instance and each column represents a feature or attribute of the data.
Beginner,What is a learning rate?,The learning rate is a hyperparameter that controls how much to change the model's weights in response to the estimated error during training.
Beginner,What is an outlier?,An outlier is a data point that significantly deviates from the other observationspotentially impacting the model's performance.
Beginner,What is a hyperparameter?,A hyperparameter is a parameter set before training that controls the learning processsuch as the number of layers in a neural network or the learning rate.
Beginner,What is feature importance?,Feature importance measures the contribution of each feature to the model's predictionshelping to understand which features are most influential.
Beginner,What is a model's interpretability?,Interpretability refers to the ability to understand and explain the decisions made by a machine learning model.
Beginner,What is a random forest?,A random forest is an ensemble learning method that combines multiple decision trees to improve classification or regression performance.
Beginner,What is a support vector?,In SVMsa support vector is a data point that lies closest to the decision boundary and influences its position.
Beginner,What is a bias-variance trade-off?,The bias-variance trade-off is the balance between a model's ability to generalize well (low bias) and its sensitivity to noise in the training data (low variance).
Beginner,What is an activation function?,An activation function introduces non-linearity into the neural networkallowing it to learn complex patterns and relationships in the data.
Beginner,What is a model's learning curve?,A learning curve shows how a model's performance changes as the amount of training data or the training time increases.
Beginner,What is a precision-recall curve?,A precision-recall curve is a plot that shows the trade-off between precision and recall for different threshold settings in a classification model.
Beginner,What is an ROC curve?,An ROC (Receiver Operating Characteristic) curve plots the true positive rate against the false positive rate for different threshold settings.
Beginner,What is a confusion matrix?,A confusion matrix is a table used to evaluate the performance of a classification model by showing the true positivesfalse positivestrue negativesand false negatives.
Beginner,What is an AUC-ROC score?,An AUC-ROC score measures the area under the ROC curverepresenting the overall performance of a classification model.
Beginner,What is a training epoch?,A training epoch is one complete pass through the entire training dataset during the training process of a machine learning model.
Beginner,What is data augmentation?,Data augmentation is a technique used to increase the diversity of training data by applying transformations such as rotationscalingor cropping to existing data.
Beginner,What is a model's performance metric?,A performance metric assesses how well a model makes predictionssuch as accuracyprecisionrecallor F1-score.
Beginner,What is model selection?,Model selection is the process of choosing the best model from a set of candidate models based on their performance on validation data.
Beginner,What is a validation curve?,A validation curve is a plot that shows how a model's performance changes with varying hyperparameters or other aspects of the learning process.
Beginner,What is feature scaling?,Feature scaling is the process of normalizing or standardizing features to ensure they are on a similar scaleimproving the performance of the model.
Beginner,What is a feature matrix?,A feature matrix is a table where each row represents an instance and each column represents a feature or attribute of the data.
Beginner,What is an ensemble method?,Ensemble methods combine multiple models to improve overall performance and robustness compared to individual models.
Beginner,What is a neural network's architecture?,The architecture of a neural network refers to its structureincluding the number of layerstypes of layersand the number of neurons in each layer.
Beginner,What is a decision boundary?,A decision boundary is a surface or line that separates different classes in the feature space.
Beginner,What is an outlier?,An outlier is a data point that significantly deviates from the other observationspotentially impacting the model's performance.
Beginner,What is the role of cross-validation?,Cross-validation evaluates a model's performance by splitting the data into training and validation setsensuring it generalizes well to new data.
Beginner,What is a training epoch?,A training epoch is one complete pass through the entire training dataset during the training process of a machine learning model.
Beginner,What is a precision-recall curve?,A precision-recall curve is a plot that shows the trade-off between precision and recall for different threshold settings in a classification model.
Beginner,What is a model's complexity?,Model complexity refers to the capacity of a model to capture intricate patterns in the dataoften associated with the number of parameters or layers in the model.
Beginner,What is data normalization?,Data normalization scales features to a standard rangesuch as [01]to improve model performance and convergence.
Beginner,What is feature extraction?,Feature extraction involves creating or selecting relevant features from raw data to enhance model performance and reduce dimensionality.
Beginner,What is a validation curve?,A validation curve shows how a model's performance changes with varying hyperparameters or other aspects of the learning process.
Beginner,What is an AUC-ROC score?,An AUC-ROC score measures the area under the ROC curverepresenting the overall performance of a classification model.
Beginner,What is a confusion matrix?,A confusion matrix is a table showing the true positivesfalse positivestrue negativesand false negatives for a classification model.
Beginner,What is precision?,Precision is the ratio of true positives to the sum of true positives and false positivesindicating the accuracy of positive predictions.
Beginner,What is recall?,Recall is the ratio of true positives to the sum of true positives and false negativesindicating the model's ability to identify all relevant instances.
Beginner,What is an F1-score?,The F1-score is the harmonic mean of precision and recallproviding a balance between the two metrics.
Beginner,What is a support vector machine (SVM)?,A support vector machine is a classification algorithm that finds the hyperplane that best separates data into different classes with the maximum margin.
Beginner,What is the purpose of kernel functions in SVMs?,Kernel functions transform data into a higher-dimensional space to enable the separation of non-linearly separable data.
Beginner,What is k-nearest neighbors (KNN)?,K-nearest neighbors is a classification algorithm that assigns a class to an instance based on the majority class of its k nearest neighbors.
Beginner,What is principal component analysis (PCA)?,Principal component analysis is a dimensionality reduction technique that transforms data into a set of orthogonal components capturing the most variance.
Beginner,What is the purpose of an ensemble method?,Ensemble methods combine predictions from multiple models to improve overall performance and robustness compared to individual models.
Beginner,What is a neural network's architecture?,The architecture of a neural network refers to its structureincluding the number of layerstypes of layersand the number of neurons in each layer.
Beginner,What is a decision boundary?,A decision boundary is a surface or line that separates different classes in the feature space.
Beginner,What is hyperparameter tuning?,Hyperparameter tuning is the process of selecting the best values for hyperparameters to improve model performance.
Beginner,What is the purpose of regularization?,Regularization helps prevent overfitting by adding a penalty to the loss function based on the complexity of the model.
Beginner,What is a feature matrix?,A feature matrix is a table where each row represents an instance and each column represents a feature or attribute of the data.
Beginner,What is a learning rate?,The learning rate is a hyperparameter that controls how much to change the model's weights in response to the estimated error during training.
Beginner,What is an outlier?,An outlier is a data point that significantly deviates from the other observationspotentially impacting the model's performance.
Beginner,What is a hyperparameter?,A hyperparameter is a parameter set before training that controls the learning processsuch as the number of layers in a neural network or the learning rate.
Beginner,What is feature importance?,Feature importance measures the contribution of each feature to the model's predictionshelping to understand which features are most influential.
Beginner,What is a model's interpretability?,Interpretability refers to the ability to understand and explain the decisions made by a machine learning model.
Beginner,What is a random forest?,A random forest is an ensemble learning method that combines multiple decision trees to improve classification or regression performance.
Beginner,What is a support vector?,In SVMsa support vector is a data point that lies closest to the decision boundary and influences its position.
Beginner,What is a bias-variance trade-off?,The bias-variance trade-off is the balance between a model's ability to generalize well (low bias) and its sensitivity to noise in the training data (low variance).
Beginner,What is an activation function?,An activation function introduces non-linearity into the neural networkallowing it to learn complex patterns and relationships in the data.
Beginner,What is a model's learning curve?,A learning curve shows how a model's performance changes as the amount of training data or the training time increases.
Beginner,What is a precision-recall curve?,A precision-recall curve is a plot that shows the trade-off between precision and recall for different threshold settings in a classification model.
Beginner,What is an ROC curve?,An ROC (Receiver Operating Characteristic) curve plots the true positive rate against the false positive rate for different threshold settings.
Beginner,What is a confusion matrix?,A confusion matrix is a table used to evaluate the performance of a classification model by showing the true positivesfalse positivestrue negativesand false negatives.
Beginner,What is an AUC-ROC score?,An AUC-ROC score measures the area under the ROC curverepresenting the overall performance of a classification model.
Beginner,What is a training epoch?,A training epoch is one complete pass through the entire training dataset during the training process of a machine learning model.
Beginner,What is data augmentation?,Data augmentation is a technique used to increase the diversity of training data by applying transformations such as rotationscalingor cropping to existing data.
Beginner,What is a model's performance metric?,A performance metric assesses how well a model makes predictionssuch as accuracyprecisionrecallor F1-score.
Beginner,What is model selection?,Model selection is the process of choosing the best model from a set of candidate models based on their performance on validation data.
Beginner,What is a validation curve?,A validation curve is a plot that shows how a model's performance changes with varying hyperparameters or other aspects of the learning process.
Beginner,What is feature scaling?,Feature scaling is the process of normalizing or standardizing features to ensure they are on a similar scaleimproving the performance of the model.
Beginner,What is a feature matrix?,A feature matrix is a table where each row represents an instance and each column represents a feature or attribute of the data.
Beginner,What is an ensemble method?,Ensemble methods combine multiple models to improve overall performance and robustness compared to individual models.
Beginner,What is a neural network's architecture?,The architecture of a neural network refers to its structureincluding the number of layerstypes of layersand the number of neurons in each layer.
Intermediate,What is the difference between bagging and boosting?,Bagging (Bootstrap Aggregating) improves stability by averaging predictions from multiple models whereas boosting sequentially improves weak models by focusing on errors made by previous models.
Intermediate,How does gradient boosting work?,Gradient boosting builds models sequentially where each new model corrects errors made by previous models using gradients of the loss function.
Intermediate,What is the purpose of dropout in neural networks?,Dropout is a regularization technique that randomly disables neurons during training to prevent overfitting and improve generalization.
Intermediate,What are hyperparameters and how do they differ from parameters?,Hyperparameters are settings set before the training process (e.g. learning rate) while parameters are learned during training (e.g. weights in a neural network).
Intermediate,What is a confusion matrix and how is it used?,A confusion matrix is a table that summarizes the performance of a classification model by showing true positives false positives true negatives and false negatives.
Intermediate,What is feature engineering and why is it important?,Feature engineering involves creating or selecting relevant features to improve model performance and interpretability often significantly impacting a model's success.
Intermediate,What is the purpose of principal component analysis (PCA)?,PCA is used for dimensionality reduction by transforming data into a new set of orthogonal components that capture the most variance.
Intermediate,What is the kernel trick in support vector machines (SVMs)?,The kernel trick enables SVMs to perform classification by implicitly mapping input features into higher-dimensional spaces without explicitly computing the transformation.
Intermediate,What is a ROC curve and how is it useful?,A ROC curve plots the true positive rate against the false positive rate at various threshold settings helping to evaluate the performance of a classification model.
Intermediate,What is the difference between L1 and L2 regularization?,L1 regularization adds a penalty proportional to the absolute value of weights leading to sparse models while L2 regularization adds a penalty proportional to the square of weights reducing model complexity.
Intermediate,What is cross-validation and how does it improve model evaluation?,Cross-validation involves splitting data into multiple folds training and validating the model on different folds to assess performance and reduce overfitting.
Intermediate,What is an autoencoder and what is it used for?,An autoencoder is a neural network designed to learn compressed representations of data often used for dimensionality reduction and anomaly detection.
Intermediate,What are the different types of ensemble methods?,Common ensemble methods include bagging boosting and stacking each combining multiple models to improve performance and robustness.
Intermediate,How does k-fold cross-validation work?,K-fold cross-validation splits the dataset into k equal parts using k-1 folds for training and the remaining fold for validation repeating the process k times.
Intermediate,What is the role of the activation function in a neural network?,The activation function introduces non-linearity into the network allowing it to learn complex relationships and patterns in the data.
Intermediate,What is the difference between classification and regression?,Classification predicts categorical labels while regression predicts continuous values or quantities.
Intermediate,What is a learning rate and how does it affect training?,The learning rate controls the size of updates to model weights during training; a high rate may lead to overshooting while a low rate may slow down convergence.
Intermediate,What is the purpose of batch normalization?,Batch normalization normalizes the inputs of each layer during training to improve convergence speed and model stability.
Intermediate,What is a hyperparameter grid search?,Grid search is a technique for finding the best hyperparameters by exhaustively evaluating all possible combinations within a specified range.
Intermediate,What is overfitting and how can it be mitigated?,Overfitting occurs when a model performs well on training data but poorly on new data; it can be mitigated using techniques like regularization dropout and cross-validation.
Intermediate,What is the difference between a parametric and a non-parametric model?,Parametric models have a fixed number of parameters while non-parametric models can grow in complexity with the amount of data.
Intermediate,What is the purpose of the softmax function in neural networks?,The softmax function converts raw model outputs into probability distributions over classes making it suitable for multi-class classification problems.
Intermediate,What is early stopping in machine learning?,Early stopping halts training when performance on a validation set starts to degrade preventing overfitting and reducing training time.
Intermediate,What is the role of the bias term in a linear model?,The bias term allows the model to fit data that is not centered around the origin improving flexibility and performance.
Intermediate,What are outlier detection methods and why are they important?,Outlier detection methods identify unusual data points that may affect model performance; techniques include statistical methods and machine learning algorithms.
Intermediate,What is the purpose of the loss function in machine learning?,The loss function quantifies the difference between predicted and actual values guiding the optimization process during model training.
Intermediate,What is a confusion matrix and how can it be used to evaluate model performance?,A confusion matrix summarizes classification results by showing true positives false positives true negatives and false negatives providing insight into performance and errors.
Intermediate,What is model interpretability and why is it important?,Model interpretability refers to the ability to understand and explain model predictions which is crucial for trust debugging and compliance.
Intermediate,What is a feature importance score and how is it calculated?,Feature importance scores indicate the contribution of each feature to the model's predictions often calculated using methods like permutation importance or SHAP values.
Intermediate,What are hyperparameters and how do they differ from model parameters?,Hyperparameters are set before training and control the learning process (e.g. learning rate) while model parameters are learned during training (e.g. weights).
Intermediate,What is regularization and how does it help in model training?,Regularization adds a penalty to the loss function based on model complexity helping to prevent overfitting by discouraging overly complex models.
Intermediate,What is a decision tree and how does it make predictions?,A decision tree is a model that makes predictions by recursively splitting the data based on feature values to create a tree-like structure of decisions.
Intermediate,What are some common techniques for feature selection?,Common techniques include filter methods (e.g. correlation) wrapper methods (e.g. recursive feature elimination) and embedded methods (e.g. feature importance from models).
Intermediate,What is the difference between gradient descent and stochastic gradient descent (SGD)?,Gradient descent updates model weights using the entire training dataset while SGD updates weights using individual samples or mini-batches often speeding up convergence.
Intermediate,What is the purpose of an ROC curve and how is it interpreted?,An ROC curve plots the true positive rate against the false positive rate with the area under the curve (AUC) representing the model's ability to distinguish between classes.
Intermediate,What are generative adversarial networks (GANs) and how do they work?,GANs consist of two networks a generator and a discriminator that compete in a game where the generator creates data and the discriminator tries to distinguish between real and fake data.
Intermediate,What is the difference between batch and online learning?,Batch learning processes the entire dataset at once while online learning updates the model incrementally as new data arrives.
Intermediate,What is the purpose of cross-validation and how does it improve model evaluation?,Cross-validation assesses model performance by splitting data into multiple folds training and validating the model on different subsets to reduce overfitting.
Intermediate,What is a learning curve and how can it be used to diagnose model performance?,A learning curve shows how a model's performance changes with training data size or training iterations helping to diagnose overfitting or underfitting issues.
Intermediate,What are some common evaluation metrics for regression models?,Common evaluation metrics include mean squared error (MSE) mean absolute error (MAE) and R-squared (R) measuring prediction accuracy and model fit.
Intermediate,What is a receiver operating characteristic (ROC) curve and how is it used in model evaluation?,An ROC curve plots the true positive rate against the false positive rate at various threshold settings helping to evaluate a classification model's performance.
Intermediate,What is the difference between supervised and unsupervised learning?,Supervised learning uses labeled data to train models while unsupervised learning finds patterns or structures in unlabeled data.
Intermediate,What is the purpose of using a validation set during model training?,A validation set is used to evaluate model performance on unseen data during training helping to tune hyperparameters and prevent overfitting.
Intermediate,What are some common techniques for handling missing data?,Common techniques include imputation (e.g. mean or median imputation) data augmentation and using algorithms that can handle missing values.
Intermediate,What is the role of the learning rate in gradient descent?,The learning rate controls the size of updates to model parameters during gradient descent influencing convergence speed and stability.
Intermediate,What is the difference between a generative and discriminative model?,Generative models learn the joint probability distribution of features and labels while discriminative models learn the conditional probability of labels given features.
Intermediate,What is the purpose of feature scaling and how is it performed?,Feature scaling normalizes or standardizes feature values to a similar range or distribution improving model performance and convergence performed using techniques like min-max scaling or z-score normalization.
Intermediate,What is an ensemble learning method and how does it improve model performance?,Ensemble learning combines predictions from multiple models to improve overall performance and robustness reducing errors and increasing generalization.
Intermediate,What are some common optimization algorithms used in machine learning?,Common optimization algorithms include gradient descent stochastic gradient descent Adam and RMSprop each with its own advantages for training models.
Intermediate,What is the purpose of regularization and how does it prevent overfitting?,Regularization adds a penalty to the loss function based on model complexity helping to prevent overfitting by discouraging overly complex models.
Intermediate,What is the difference between a shallow and deep neural network?,Shallow neural networks have a few hidden layers while deep neural networks have many hidden layers allowing them to learn more complex representations.
Intermediate,What is the role of dropout in deep learning?,Dropout randomly deactivates neurons during training to prevent overfitting and improve the model's ability to generalize.
Intermediate,What are some common metrics for evaluating classification models?,Common metrics include accuracy precision recall F1-score and area under the ROC curve (AUC-ROC) assessing different aspects of model performance.
Intermediate,What is the purpose of using a test set in machine learning?,A test set evaluates the final model's performance on unseen data providing an estimate of how the model will perform in real-world scenarios.
Intermediate,What is a decision boundary and how is it used in classification?,A decision boundary separates different classes in the feature space used to classify new instances based on which side of the boundary they fall on.
Intermediate,What are the advantages of using convolutional neural networks (CNNs) for image processing?,CNNs can automatically learn spatial hierarchies of features making them highly effective for tasks like image recognition and object detection.
Intermediate,What is the purpose of using early stopping during model training?,Early stopping halts training when the model's performance on a validation set begins to degrade helping to prevent overfitting and reducing training time.
Intermediate,What are the differences between L1 and L2 regularization and when would you use each?,L1 regularization adds a penalty proportional to the absolute value of weights leading to sparsity while L2 regularization adds a penalty proportional to the square of weights reducing complexity.
Intermediate,What is the purpose of using a hyperparameter tuning technique like grid search or random search?,Hyperparameter tuning techniques find the best combination of hyperparameters to improve model performance and ensure optimal results.
Intermediate,What is the difference between precision and recall and when would you prioritize one over the other?,Precision measures the proportion of true positives among predicted positives while recall measures the proportion of true positives among actual positives; prioritize precision when false positives are costly and recall when false negatives are costly.
Intermediate,What is a model's bias-variance trade-off and how does it affect model performance?,The bias-variance trade-off balances model complexity and training data fit; high bias leads to underfitting while high variance leads to overfitting.
Intermediate,What are some techniques for handling imbalanced datasets?,Techniques include resampling (e.g. oversampling the minority class or undersampling the majority class) using synthetic data and adjusting class weights.
Intermediate,What is a support vector machine (SVM) and how does it work?,An SVM is a classification algorithm that finds the optimal hyperplane to separate classes with the maximum margin potentially using kernel functions for non-linear separation.
Intermediate,What is the role of a loss function in a machine learning model?,The loss function quantifies the difference between predicted and actual values guiding the optimization process during training to minimize this difference.
Intermediate,What are generative models and how do they differ from discriminative models?,Generative models learn the distribution of input data while discriminative models learn the boundary between classes.
Intermediate,What is the purpose of feature extraction in machine learning?,Feature extraction transforms raw data into a set of meaningful features improving model performance and reducing dimensionality.
Intermediate,What is the difference between online and batch learning?,Online learning updates the model incrementally with new data while batch learning trains the model on the entire dataset at once.
Intermediate,What is the role of the gradient in gradient descent and how does it influence model training?,The gradient indicates the direction and magnitude of the steepest increase in the loss function guiding the model's weight updates to minimize the loss.
Intermediate,What is a confusion matrix and how can it be used to evaluate classification models?,A confusion matrix shows true positives false positives true negatives and false negatives helping to evaluate a model's performance and identify errors.
Intermediate,What are some common methods for hyperparameter tuning?,Common methods include grid search random search and Bayesian optimization each exploring different ways to find the best hyperparameters.
Intermediate,What is the difference between unsupervised and supervised learning?,Supervised learning uses labeled data to train models while unsupervised learning finds patterns or structures in unlabeled data.
Intermediate,What is a feature selection and why is it important for model performance?,Feature selection involves choosing relevant features from the data to improve model performance reduce overfitting and decrease computation time.
Intermediate,What is the role of the activation function in a neural network and how does it affect model learning?,The activation function introduces non-linearity into the network allowing it to learn complex patterns and relationships in the data.
Intermediate,What is the difference between regression and classification problems?,Regression predicts continuous outcomes while classification predicts discrete categories or labels.
Intermediate,What are some common techniques for regularizing machine learning models?,Common techniques include L1 and L2 regularization dropout and early stopping each helping to prevent overfitting.
Intermediate,What is the purpose of using a validation set in machine learning?,A validation set evaluates model performance during training helping to tune hyperparameters and prevent overfitting by providing feedback on unseen data.
Intermediate,What is a hyperparameter and how does it differ from a model parameter?,A hyperparameter is set before training and controls the learning process while a model parameter is learned during training and determines the model's behavior.
Intermediate,What is a deep neural network and how does it differ from a shallow network?,A deep neural network has multiple hidden layers allowing it to learn more complex representations while a shallow network has fewer layers and learns simpler patterns.
Intermediate,What is the purpose of using dropout in deep learning?,Dropout randomly deactivates neurons during training to prevent overfitting and improve the model's ability to generalize.
Intermediate,What is a gradient boosting machine (GBM) and how does it improve model performance?,GBM builds models sequentially where each new model corrects errors made by previous models improving accuracy and robustness.
Intermediate,What are some common metrics for evaluating regression models?,Common metrics include mean squared error (MSE) mean absolute error (MAE) and R-squared (R) assessing different aspects of prediction accuracy.
Intermediate,What is a convolutional neural network (CNN) and how is it used for image analysis?,CNNs use convolutional layers to automatically learn spatial hierarchies of features making them effective for image recognition and processing tasks.
Intermediate,What is a support vector in a support vector machine (SVM) model?,A support vector is a data point that lies closest to the decision boundary and influences its position crucial for determining the optimal hyperplane.
Intermediate,What is the purpose of hyperparameter optimization and what techniques are commonly used?,Hyperparameter optimization improves model performance by finding the best hyperparameters commonly using techniques like grid search random search and Bayesian optimization.
Intermediate,What is the difference between model training and model evaluation?,Model training involves adjusting parameters based on training data while model evaluation assesses performance on validation or test data to measure generalization.
Intermediate,What are some common techniques for handling overfitting in machine learning models?,Common techniques include using regularization dropout cross-validation and simplifying the model to prevent it from learning noise in the training data.
Intermediate,What is a feature matrix and how is it used in machine learning?,A feature matrix is a table where each row represents an instance and each column represents a feature used as input data for training and evaluating models.
Intermediate,What is the purpose of the loss function in a regression model?,The loss function quantifies the difference between predicted and actual values guiding the optimization process to minimize errors and improve model accuracy.
Intermediate,What is the difference between an artificial neural network (ANN) and a convolutional neural network (CNN)?,ANNs are general-purpose networks for various tasks while CNNs are specialized for image and spatial data processing using convolutional layers.
Intermediate,What is the role of the optimizer in machine learning and how does it affect training?,The optimizer updates model parameters based on gradients of the loss function affecting convergence speed and stability during training.
Intermediate,What are generative adversarial networks (GANs) and how do they work?,GANs consist of two networks a generator and a discriminator that compete in a game where the generator creates data and the discriminator tries to distinguish between real and fake data.
Intermediate,What is the purpose of using an ROC curve and how is it interpreted?,An ROC curve plots the true positive rate against the false positive rate at various thresholds with the area under the curve (AUC) representing the model's ability to distinguish between classes.
Intermediate,What are some common methods for handling missing data?,Common methods include imputation techniques (e.g. mean or median imputation) using algorithms that handle missing values and data augmentation.
Intermediate,What is a neural network's activation function and why is it important?,The activation function introduces non-linearity into the network allowing it to learn complex patterns and relationships in the data.
Intermediate,What is feature scaling and why is it necessary?,Feature scaling normalizes or standardizes feature values to a similar range improving model performance and convergence especially for algorithms sensitive to feature magnitudes.
Intermediate,What is a validation curve and how is it used to evaluate hyperparameters?,A validation curve shows how a model's performance changes with varying hyperparameters helping to identify the best values and prevent overfitting or underfitting.
Intermediate,What is the difference between a shallow and a deep learning model?,Shallow models have fewer layers and are simpler while deep learning models have many layers and can capture more complex patterns.
Intermediate,What is a confusion matrix and how is it used for model evaluation?,A confusion matrix displays the true positives false positives true negatives and false negatives helping to assess classification model performance and identify areas for improvement.
Expert,What is a Transformer model and how does it differ from traditional neural networks?,A Transformer model uses self-attention mechanisms to process sequences of data in parallel unlike traditional neural networks that use recurrent structures for sequential data.
Expert,How does the attention mechanism work in a Transformer model?,The attention mechanism allows the model to focus on different parts of the input sequence when making predictions weighing the importance of each part through learned attention scores.
Expert,What are some advantages of using Bayesian methods in machine learning?,Bayesian methods provide a principled approach to handling uncertainty incorporate prior knowledge and update predictions as new data becomes available.
Expert,What is the principle behind kernel methods in support vector machines (SVMs)?,Kernel methods transform data into a higher-dimensional space to make it linearly separable allowing SVMs to handle non-linear classification problems.
Expert,How does a Gaussian Mixture Model (GMM) work for clustering?,A GMM assumes that data is generated from a mixture of several Gaussian distributions and it uses expectation-maximization to estimate the parameters of these distributions.
Expert,What is the purpose of using dropout in neural networks and how does it work?,Dropout randomly deactivates a subset of neurons during training to prevent co-adaptation thereby reducing overfitting and improving model generalization.
Expert,How do autoencoders work for dimensionality reduction?,Autoencoders encode input data into a lower-dimensional representation and then decode it back to the original dimension learning compact and useful feature representations.
Expert,What are Generative Adversarial Networks (GANs) and how do they generate new data?,GANs consist of a generator and a discriminator that are trained together; the generator creates synthetic data and the discriminator tries to distinguish between real and fake data.
Expert,How does the concept of vanishing gradients affect training deep neural networks?,The vanishing gradients problem occurs when gradients become very small during backpropagation causing slow or stalled training in deep networks.
Expert,What is a reinforcement learning agent and how does it interact with its environment?,A reinforcement learning agent learns to make decisions by interacting with an environment receiving rewards or penalties based on its actions to optimize long-term outcomes.
Expert,What is the purpose of using regularization techniques like L1 and L2 in machine learning models?,Regularization techniques add penalties to the loss function to prevent overfitting by discouraging overly complex models and promoting simpler solutions.
Expert,How do Long Short-Term Memory (LSTM) networks handle long-term dependencies?,LSTMs use gates to control the flow of information allowing them to maintain long-term dependencies and mitigate the vanishing gradient problem in sequence learning.
Expert,What are the differences between parametric and non-parametric models?,Parametric models assume a specific form for the data distribution and have a fixed number of parameters while non-parametric models do not assume a fixed form and can adapt to the data's complexity.
Expert,How do ensemble methods like Random Forest and Gradient Boosting improve model performance?,Ensemble methods combine multiple models to reduce variance (Random Forest) or bias (Gradient Boosting) leading to improved accuracy and robustness.
Expert,What is the principle behind Principal Component Analysis (PCA) for dimensionality reduction?,PCA projects data onto a lower-dimensional space by finding the directions (principal components) that maximize variance reducing dimensionality while preserving most of the variance.
Expert,How do hyperparameters affect the training of machine learning models and how are they tuned?,Hyperparameters control the learning process and model complexity; they are tuned using techniques like grid search random search or Bayesian optimization to find the best values.
Expert,What is the difference between a deterministic and a stochastic model in machine learning?,Deterministic models produce the same output for a given input every time while stochastic models incorporate randomness and can produce different outputs for the same input.
Expert,How does a neural network's architecture impact its performance?,The architecture including the number of layers type of layers and activation functions determines the network's capacity to learn complex patterns and generalize to new data.
Expert,What are Variational Autoencoders (VAEs) and how do they differ from traditional autoencoders?,VAEs introduce probabilistic elements to the encoding process learning a distribution over possible representations allowing for generation of new samples from learned latent spaces.
Expert,What is the purpose of using cross-validation in model evaluation and how does it work?,Cross-validation splits the dataset into multiple folds training and evaluating the model on different folds to provide a more reliable estimate of model performance and reduce overfitting.
Expert,How does the concept of exploration vs. exploitation apply in reinforcement learning?,In reinforcement learning exploration involves trying new actions to discover their effects while exploitation involves using known actions that maximize rewards balancing the trade-off is crucial for optimal learning.
Expert,What are the differences between batch gradient descent and stochastic gradient descent?,Batch gradient descent computes gradients using the entire dataset while stochastic gradient descent updates weights using a single data point or a small batch often leading to faster convergence.
Expert,How do hyperparameter tuning techniques like grid search and random search differ?,Grid search exhaustively searches over a predefined set of hyperparameters while random search samples hyperparameters from a distribution often finding good configurations more efficiently.
Expert,What is the purpose of feature engineering in machine learning and how does it improve model performance?,Feature engineering involves creating or transforming features to better represent the underlying data patterns improving model performance by providing more relevant input information.
Expert,How do you handle categorical variables in machine learning models?,Categorical variables can be encoded using methods like one-hot encoding label encoding or embedding techniques to convert them into numerical formats suitable for model input.
Expert,What are some common challenges in deploying machine learning models in production and how can they be addressed?,Challenges include managing model performance handling data drift ensuring scalability and maintaining robustness; solutions involve monitoring updating models and using scalable infrastructure.
Expert,How does Transfer Learning help in improving model performance for specific tasks?,Transfer Learning leverages knowledge from a pre-trained model on a related task allowing it to fine-tune and adapt to a new task with limited data often improving performance and reducing training time.
Expert,What is the role of batch normalization in deep neural networks and how does it affect training?,Batch normalization normalizes activations across a mini-batch improving training speed and stability by reducing internal covariate shift and allowing for higher learning rates.
Expert,How does the ROC curve help in evaluating the performance of a binary classifier?,The ROC curve plots the true positive rate against the false positive rate at various thresholds with the area under the curve (AUC) representing the model's ability to discriminate between classes.
Expert,What is the purpose of feature selection and what techniques are commonly used for it?,Feature selection aims to identify the most relevant features for a model improving performance and reducing complexity; techniques include filter methods wrapper methods and embedded methods.
Expert,How do deep learning models differ from traditional machine learning models and what advantages do they offer?,Deep learning models use multiple layers to automatically learn hierarchical features from raw data offering advantages in handling large-scale data and complex patterns that traditional models may struggle with.
Expert,What are some common methods for handling missing data and how do they impact model performance?,Methods include imputation (mean median or mode) using algorithms that handle missing values and removing missing data; appropriate handling is crucial for maintaining model accuracy and robustness.
Expert,How does the concept of bias-variance trade-off influence model selection and evaluation?,The bias-variance trade-off balances the model's ability to fit training data (bias) and generalize to unseen data (variance); selecting a model involves finding the right balance to avoid overfitting or underfitting.
Expert,What are some advanced techniques for model evaluation and validation such as bootstrapping and ensemble methods?,Bootstrapping involves resampling data to estimate model performance variability while ensemble methods combine multiple models to improve accuracy and robustness enhancing evaluation insights.
Expert,How does the concept of feature importance help in interpreting machine learning models?,Feature importance measures the contribution of each feature to the model's predictions helping to understand which features drive decisions and providing insights for model interpretation and improvement.
Expert,What are some common types of loss functions used in machine learning and how do they affect model training?,Common loss functions include mean squared error (MSE) for regression cross-entropy for classification and hinge loss for SVMs; they guide the optimization process and influence model learning.
Expert,How does the curse of dimensionality affect machine learning models and what techniques can mitigate it?,The curse of dimensionality refers to the challenges of high-dimensional data including increased computational complexity and sparsity; techniques like dimensionality reduction and feature selection can help mitigate these effects.
Expert,What are some key considerations when designing a machine learning pipeline for production deployment?,Key considerations include data preprocessing model selection and tuning performance monitoring scalability and maintaining model updates to ensure the pipeline remains effective and efficient.
Expert,How does the choice of optimization algorithm (e.g. Adam SGD) affect model training and performance?,Different optimization algorithms have varying approaches to updating model parameters affecting convergence speed stability and final performance; choosing the right algorithm can significantly impact training outcomes.
Expert,What are some techniques for handling imbalanced datasets and how do they impact model performance?,Techniques include resampling (oversampling or undersampling) synthetic data generation (SMOTE) and adjusting class weights; these methods help improve model performance on minority classes.
Expert,How does the concept of model interpretability influence the development and deployment of machine learning models?,Model interpretability involves understanding and explaining model predictions which is crucial for gaining trust ensuring fairness and complying with regulatory requirements in model development and deployment.
Expert,What are some common methods for evaluating clustering algorithms and how do they differ?,Common methods include silhouette score Davies-Bouldin index and within-cluster sum of squares; they assess clustering quality based on cohesion and separation of clusters providing different evaluation perspectives.
Expert,How does the concept of data leakage occur in machine learning and what steps can be taken to prevent it?,Data leakage happens when information from outside the training dataset influences the model leading to overly optimistic performance estimates; prevention involves careful data splitting and feature selection.
Expert,What are some advanced techniques for feature extraction and how do they improve model performance?,Advanced techniques include using pre-trained models for feature extraction applying deep learning-based methods and leveraging domain-specific knowledge; they enhance feature quality and model performance.
Expert,How does the ensemble learning approach improve model performance and what are some common ensemble methods?,Ensemble learning combines multiple models to leverage their strengths and reduce weaknesses; common methods include bagging (e.g. Random Forest) boosting (e.g. Gradient Boosting) and stacking.
Expert,What are some best practices for handling noisy data in machine learning and how do they impact model training?,Best practices include data cleaning noise filtering and using robust models; handling noise effectively helps improve model accuracy and generalization.
Expert,How does the k-fold cross-validation technique work and what are its advantages?,K-fold cross-validation divides the dataset into k subsets training and evaluating the model k times on different folds; it provides a more reliable performance estimate and reduces variance in evaluation.
Expert,What is the role of feature scaling in machine learning and how does it affect model performance?,Feature scaling normalizes features to a common range improving convergence speed and model performance particularly for algorithms sensitive to feature magnitudes.
Expert,What are some common evaluation metrics for regression models and how do they differ?,Common metrics include Mean Absolute Error (MAE) Mean Squared Error (MSE) and R-squared; they measure different aspects of model performance such as prediction accuracy and explained variance.
Expert,How does the Pruning technique work in decision trees and what benefits does it offer?,Pruning removes branches of a decision tree that have little significance reducing overfitting and improving generalization by simplifying the model.
Expert,What are some strategies for dealing with large-scale datasets in machine learning and how do they affect model training?,Strategies include distributed computing using efficient data storage formats and subsampling; these methods help manage computational resources and speed up model training.
Expert,How does the concept of gradient boosting improve model performance and what are its key components?,Gradient boosting combines weak models iteratively focusing on correcting errors from previous models; key components include base learners a loss function and a boosting algorithm.
Expert,What is the difference between L1 regularization and L2 regularization and how do they affect model training?,L1 regularization adds a penalty proportional to the absolute values of coefficients promoting sparsity while L2 regularization adds a penalty proportional to the squared values discouraging large coefficients.
Expert,How do neural network architectures like Convolutional Neural Networks (CNNs) and Recurrent Neural Networks (RNNs) differ in handling data?,CNNs are designed for spatial data (e.g. images) and use convolutional layers to capture local patterns while RNNs are designed for sequential data (e.g. time series) and use recurrent layers to capture temporal dependencies.
Expert,What is the concept of multi-task learning and how does it benefit model training?,Multi-task learning trains a model on multiple related tasks simultaneously allowing it to share knowledge and improve generalization by leveraging common features and representations.
Expert,How do ensemble methods like Random Forests and Gradient Boosting work and what advantages do they offer?,Random Forests combine multiple decision trees using bagging to reduce variance while Gradient Boosting builds trees sequentially to correct errors improving accuracy and robustness.
Expert,What are distrubuted machine learning systems and how do they handle large-scale data?,Distributed machine learning systems use multiple machines to parallelize computation enabling efficient processing of large-scale data by dividing tasks and aggregating results.
Expert,How does model calibration improve predictions and what techniques are used for calibration?,Model calibration adjusts predicted probabilities to match actual outcomes; techniques include Platt scaling and isotonic regression improving the reliability of probabilistic predictions.
Expert,What is the difference between shallow learning and deep learning and how do they impact model complexity?,Shallow learning models have fewer layers and are simpler while deep learning models have multiple layers and can learn more complex patterns leading to higher model complexity.
Expert,How does active learning work and what are its advantages in training machine learning models?,Active learning selects the most informative samples to label and include in training improving model performance and efficiency by focusing on the most uncertain or challenging examples.
Expert,What is the concept of model robustness and how is it evaluated in machine learning models?,Model robustness refers to a model's ability to maintain performance under varying conditions; it is evaluated using techniques like adversarial testing and stress testing to assess stability and resilience.
Expert,How does feature engineering impact model performance and what are some common techniques for creating new features?,Feature engineering creates or transforms features to enhance model performance; common techniques include domain knowledge polynomial features and interaction terms.
Expert,What are graph neural networks and how do they handle graph-structured data?,Graph neural networks (GNNs) operate on graph-structured data by learning node representations through message passing and aggregation capturing relationships and dependencies between nodes.
Expert,How does knowledge distillation work and what are its benefits for deploying machine learning models?,Knowledge distillation transfers knowledge from a large complex model (teacher) to a smaller simpler model (student) improving efficiency and deployment feasibility while retaining model performance.
Expert,What are meta-learning techniques and how do they improve model training and generalization?,Meta-learning or learning to learn involves training models to adapt quickly to new tasks with few examples improving generalization and efficiency in transfer learning scenarios.
Expert,What is the concept of sparse representation in machine learning and how does it benefit model training?,Sparse representation involves using a minimal set of non-zero features to represent data improving model efficiency and interpretability by focusing on the most important components.
Expert,How does anomaly detection work and what techniques are commonly used to identify outliers in data?,Anomaly detection identifies data points that deviate significantly from the norm; common techniques include statistical methods machine learning models and distance-based approaches.
Expert,What are recurrent neural networks (RNNs) and how do they handle sequential data?,RNNs use recurrent connections to process sequential data by maintaining a hidden state that captures temporal dependencies enabling learning from sequences and time series.
Expert,How does ensemble learning improve model performance and what are some popular ensemble methods?,Ensemble learning combines multiple models to leverage their collective strengths with popular methods including bagging (e.g. Random Forest) boosting (e.g. AdaBoost) and stacking.
Expert,What is the concept of online learning and how does it differ from batch learning?,Online learning updates the model incrementally with each new data point while batch learning processes data in large chunks; online learning is suited for streaming data and dynamic environments.
Expert,How do evolutionary algorithms work and what are their applications in machine learning?,Evolutionary algorithms use principles of natural selection to optimize models by evolving a population of solutions through selection mutation and crossover applicable in optimization and feature selection.
Expert,What is the concept of model interpretability and why is it important in machine learning?,Model interpretability refers to understanding how a model makes decisions which is important for transparency trust debugging and ensuring fairness and compliance in practical applications.
Expert,How does ensemble averaging work and what are its advantages for model performance?,Ensemble averaging combines predictions from multiple models to improve accuracy and robustness reducing variance and mitigating overfitting by averaging their outputs.
Expert,What are semi-supervised learning techniques and how do they leverage both labeled and unlabeled data?,Semi-supervised learning uses a small amount of labeled data and a large amount of unlabeled data to improve learning performance leveraging the additional information to enhance model accuracy.
Expert,How do autoML frameworks assist in building machine learning models and what are their benefits?,AutoML frameworks automate the process of model selection hyperparameter tuning and feature engineering making machine learning more accessible and efficient by optimizing these processes.
Expert,What is the bias-variance trade-off and how does it influence model complexity and performance?,The bias-variance trade-off involves balancing model bias (error due to overly simplistic models) and variance (error due to overly complex models) to achieve optimal performance and generalization.
Expert,How does transfer learning work and what are its applications in machine learning?,Transfer learning leverages pre-trained models on related tasks to improve performance on new tasks with limited data commonly used in image classification and natural language processing.
Expert,What are deep reinforcement learning techniques and how do they combine deep learning and reinforcement learning?,Deep reinforcement learning combines deep learning for feature extraction with reinforcement learning for decision-making enabling agents to learn complex behaviors and policies from high-dimensional data.
Expert,How does cross-validation help in evaluating machine learning models and what are its advantages?,Cross-validation splits the dataset into multiple folds to train and test models providing a more robust estimate of performance and reducing the risk of overfitting by using different subsets for validation.
